City_ID,City,Country,Lat,Lng,Max Temp,Humidity,Cloudiness,Wind Speed,Current Description
0,Bluff,NZ,-46.6,168.3333,54.77,83,92,5.39,overcast clouds
1,Busselton,AU,-33.65,115.3333,64.0,99,98,1.01,overcast clouds
2,Mataura,NZ,-46.1927,168.8643,53.46,80,98,1.95,overcast clouds
3,Presque Isle,US,46.6811,-68.0159,26.6,50,1,9.22,clear sky
4,Butaritari,KI,3.0707,172.7902,80.87,80,100,20.38,overcast clouds
5,Ushuaia,AR,-54.8,-68.3,59.0,47,40,12.66,scattered clouds
6,East London,ZA,-33.0153,27.9116,71.6,88,40,3.44,light rain
7,Sakakah,SA,29.9697,40.2064,55.4,62,0,6.91,clear sky
8,Rikitea,PF,-23.1203,-134.9692,77.32,72,91,12.3,overcast clouds
9,Hobart,AU,-42.8794,147.3294,53.6,58,40,11.5,scattered clouds
10,Port Lincoln,AU,-34.7333,135.8667,59.14,80,69,16.31,broken clouds
11,Barrow,US,71.2906,-156.7887,-22.0,76,40,10.36,haze
12,Andra,RU,62.5147,65.8878,1.67,94,100,10.54,light snow
13,Lincoln,US,40.8,-96.667,7.0,78,90,9.22,light snow
14,Sibenik,HR,43.7272,15.9058,59.0,88,90,13.8,overcast clouds
15,Vaini,TO,-21.2,-175.2,78.8,89,75,12.66,light rain
16,Atuona,PF,-9.8,-139.0333,79.41,75,23,21.63,few clouds
17,Ushtobe,KZ,45.2514,77.9838,32.65,96,100,9.19,overcast clouds
18,Hermanus,ZA,-34.4187,19.2345,68.0,75,2,1.01,clear sky
19,Port Alfred,ZA,-33.5906,26.891,66.99,95,99,9.22,light rain
20,Avera,US,33.194,-82.5271,48.99,76,90,8.05,overcast clouds
21,Dikson,RU,73.5069,80.5464,-31.72,85,90,12.55,overcast clouds
22,Ilebo,CD,-4.3167,20.5833,74.14,81,100,0.83,overcast clouds
23,Touros,BR,-5.1989,-35.4608,87.8,58,40,17.27,scattered clouds
24,Gudalur,IN,9.6833,77.2667,66.02,59,0,2.15,clear sky
25,New Norfolk,AU,-42.7826,147.0587,53.6,58,40,11.5,scattered clouds
26,Talnakh,RU,69.4865,88.3972,-21.93,73,7,3.4,clear sky
27,Punta Arenas,CL,-53.15,-70.9167,69.8,23,0,12.66,clear sky
28,Qaanaaq,GL,77.484,-69.3632,12.2,86,74,5.61,broken clouds
29,Cape Town,ZA,-33.9258,18.4232,69.01,60,0,25.32,clear sky
30,Ponta Do Sol,PT,32.6667,-17.1,60.01,68,51,5.01,broken clouds
31,Hithadhoo,MV,-0.6,73.0833,82.02,70,83,8.19,broken clouds
32,Sao Felix Do Xingu,BR,-6.6447,-51.995,87.66,58,29,3.53,scattered clouds
33,Hasaki,JP,35.7333,140.8333,33.8,80,75,2.3,broken clouds
34,Ribeira Grande,PT,38.5167,-28.7,60.8,72,40,16.11,scattered clouds
35,Longyearbyen,SJ,78.2186,15.6401,15.8,73,75,19.57,light snow
36,Kavaratti,IN,10.5669,72.642,80.94,69,46,8.66,scattered clouds
37,Mar Del Plata,AR,-38.0023,-57.5575,60.8,88,90,25.32,light rain
38,Walvis Bay,NA,-22.9575,14.5053,64.99,82,1,6.91,clear sky
39,Dabakala,CI,8.3667,-4.4333,89.02,32,13,3.31,few clouds
40,Sorong,ID,-0.8833,131.25,78.82,86,57,5.41,broken clouds
41,Puerto Ayora,EC,-0.7393,-90.3518,84.2,70,0,17.27,light rain
42,Fare,PF,-16.7,-151.0167,81.19,74,98,11.83,overcast clouds
43,Esperance,AU,-33.8667,121.9,62.6,88,75,11.5,broken clouds
44,Karratha,AU,-20.7377,116.8463,78.24,71,0,9.57,clear sky
45,Kapaa,US,22.0752,-159.319,60.8,77,1,4.61,clear sky
46,Avarua,CK,-21.2078,-159.775,82.4,78,40,11.5,scattered clouds
47,Victoria,HK,22.2855,114.1577,68.0,85,0,11.07,clear sky
48,Boyolangu,ID,-8.1181,111.8935,75.34,91,100,5.68,light rain
49,Oyama,JP,36.3,139.8,48.0,59,20,1.14,few clouds
50,Nikolskoye,RU,59.7035,30.7861,17.6,86,90,11.18,light snow
51,Tucumcari,US,35.1717,-103.725,62.6,13,1,13.8,clear sky
52,Mahebourg,MU,-20.4081,57.7,80.6,74,75,6.91,broken clouds
53,Hilo,US,19.7297,-155.09,73.99,52,1,8.05,clear sky
54,Tiksi,RU,71.6872,128.8694,-28.01,84,24,3.91,few clouds
55,Torbay,CA,47.6666,-52.7314,33.01,55,20,27.63,few clouds
56,Hudiksvall,SE,61.729,17.1036,10.99,83,0,5.86,clear sky
57,Saint-Philippe,RE,-21.3585,55.7679,78.8,78,0,5.75,clear sky
58,Thompson,CA,55.7435,-97.8558,-31.0,68,90,18.41,snow
59,Fort Frances,CA,48.5999,-93.4003,-16.01,52,1,9.22,clear sky
60,Muros,ES,42.7762,-9.0603,55.99,94,100,10.0,overcast clouds
61,San Patricio,US,28.017,-97.5169,73.4,49,1,12.66,clear sky
62,Bubaque,GW,11.2833,-15.8333,77.54,65,0,17.81,clear sky
63,Lorengau,PG,-2.0226,147.2712,81.81,79,100,7.02,overcast clouds
64,Tasiilaq,GL,65.6145,-37.6368,19.4,58,0,2.3,clear sky
65,Provideniya,RU,64.3833,-173.3,-3.75,78,95,16.75,overcast clouds
66,Sisimiut,GL,66.9395,-53.6735,24.3,81,0,15.08,clear sky
67,Sindor,RU,62.8629,51.8905,-19.66,86,100,10.54,overcast clouds
68,Kaitangata,NZ,-46.2817,169.8464,61.0,93,100,5.99,overcast clouds
69,Hokitika,NZ,-42.7167,170.9667,56.61,82,31,6.24,scattered clouds
70,Ventspils,LV,57.3894,21.5606,15.8,92,0,2.3,clear sky
71,Matagami,CA,49.7502,-77.6328,10.4,79,75,11.5,light snow
72,Norman Wells,CA,65.282,-126.8329,-27.4,75,75,2.3,light snow
73,Bonthe,SL,7.5264,-12.505,80.29,78,28,9.82,scattered clouds
74,Yulara,AU,-25.2406,130.9889,75.2,33,0,8.05,clear sky
75,Lavrentiya,RU,65.5833,-171.0,-11.07,84,0,7.07,clear sky
76,Nouakchott,MR,18.0858,-15.9785,78.8,19,0,12.66,clear sky
77,Visby,SE,57.6409,18.296,23.0,100,75,5.75,light snow
78,Khatanga,RU,71.9667,102.5,-30.17,80,0,9.93,clear sky
79,Parana,AR,-31.732,-60.5238,93.0,36,0,4.0,clear sky
80,Saldanha,ZA,-33.0117,17.9442,66.2,63,0,20.71,clear sky
81,Turukhansk,RU,65.8167,87.9833,7.36,95,100,18.32,light snow
82,Cidreira,BR,-30.1811,-50.2056,75.96,64,0,10.98,clear sky
83,Nuuk,GL,64.1835,-51.7216,33.8,40,0,6.91,clear sky
84,Te Anau,NZ,-45.4167,167.7167,56.44,77,100,3.15,heavy intensity rain
85,Fortuna,US,40.5982,-124.1573,51.01,81,75,7.92,broken clouds
86,Arraial Do Cabo,BR,-22.9661,-42.0278,73.4,83,75,5.75,light intensity drizzle
87,Port-Cartier,CA,50.0334,-66.8654,24.01,54,6,5.75,clear sky
88,Chokurdakh,RU,70.6333,147.9167,-22.59,86,99,7.85,overcast clouds
89,Carnarvon,AU,-24.8667,113.6333,78.8,100,40,13.8,scattered clouds
90,Birmitrapur,IN,22.4,84.7667,55.15,41,0,5.14,clear sky
91,Klaksvik,FO,62.2266,-6.589,35.6,69,20,13.8,light intensity drizzle
92,Gravdal,NO,68.1214,13.5031,33.8,69,40,16.11,scattered clouds
93,Bambous Virieux,MU,-20.3428,57.7575,80.6,74,75,6.91,broken clouds
94,Ahipara,NZ,-35.1667,173.1667,61.27,84,31,8.14,scattered clouds
95,Abreus,CU,22.2775,-80.5675,84.2,70,40,11.5,light rain
96,Airai,TL,-8.9266,125.4092,60.46,100,100,2.82,overcast clouds
97,Taoudenni,ML,22.6783,-3.9836,65.97,26,0,8.97,clear sky
98,Saskylakh,RU,71.9167,114.0833,-37.95,78,25,12.33,scattered clouds
99,Benito Juarez,MX,19.385,-99.165,73.4,25,1,4.61,clear sky
100,Jamestown,US,42.097,-79.2353,18.0,73,90,17.27,light snow
101,Weinan,CN,34.5036,109.5089,43.0,51,0,8.95,clear sky
102,Alexandria,EG,31.2156,29.9553,60.8,77,0,5.75,clear sky
103,Narsaq,GL,60.9167,-46.05,37.4,30,32,47.18,scattered clouds
104,Jiuquan,CN,39.7432,98.5174,29.95,71,100,4.36,overcast clouds
105,Arawa,PG,-6.2132,155.5367,77.74,80,56,2.04,broken clouds
106,Bengkulu,ID,-3.8004,102.2655,76.05,85,100,6.93,overcast clouds
107,Qena,EG,26.1615,32.7183,69.8,46,0,2.3,clear sky
108,Albany,US,42.6001,-73.9662,30.99,74,100,4.23,light snow
109,Innisfail,AU,-17.5333,146.0333,77.0,90,100,3.96,overcast clouds
110,Faanui,PF,-16.4833,-151.75,80.96,76,5,11.86,clear sky
111,Nishihara,JP,26.1842,127.7558,62.6,67,1,3.44,clear sky
112,Port Elizabeth,ZA,-33.918,25.5701,68.0,94,75,10.36,broken clouds
113,Atar,MR,20.5169,-13.0499,66.79,27,0,10.92,clear sky
114,Kanganpur,PK,30.7663,74.1231,55.74,42,0,4.81,clear sky
115,Kaniama,CD,-7.5667,24.1833,68.63,94,100,2.08,overcast clouds
116,Yellowknife,CA,62.456,-114.3525,-43.6,66,1,5.75,clear sky
117,Bredasdorp,ZA,-34.5322,20.0403,68.0,60,3,10.36,clear sky
118,Dunedin,NZ,-45.8742,170.5036,59.0,90,97,1.01,overcast clouds
119,Hay River,CA,60.8156,-115.7999,-36.4,67,31,3.44,scattered clouds
120,Koumac,NC,-20.5667,164.2833,76.62,75,100,0.4,overcast clouds
121,Sooke,CA,48.3746,-123.7276,45.0,62,48,25.32,scattered clouds
122,Ilulissat,GL,69.2167,-51.1,26.6,36,0,11.5,clear sky
123,Pacific Grove,US,36.6177,-121.9166,54.0,76,1,3.44,clear sky
124,Castro,BR,-24.7911,-50.0119,76.24,47,0,3.47,clear sky
125,Inverness,GB,57.4791,-4.224,30.99,86,40,6.91,scattered clouds
126,Villa Carlos Paz,AR,-31.4241,-64.4978,90.0,56,0,13.0,clear sky
127,Portree,GB,57.4129,-6.1942,32.0,71,0,1.01,clear sky
128,Salalah,OM,17.0151,54.0924,73.4,68,40,3.44,scattered clouds
129,Miri,MY,4.4148,114.0089,78.8,94,40,2.3,scattered clouds
130,Olafsvik,IS,64.8945,-23.7142,33.82,85,17,14.99,few clouds
131,Alta Floresta,BR,-9.8756,-56.0861,76.8,89,95,3.56,overcast clouds
132,Bathsheba,BB,13.2167,-59.5167,82.4,61,75,26.46,broken clouds
133,Pevek,RU,69.7008,170.3133,-6.0,86,0,2.13,clear sky
134,Quatre Cocos,MU,-20.2078,57.7625,80.6,74,75,6.91,broken clouds
135,Filadelfia,US,39.9523,-75.1638,34.0,93,90,6.91,snow
136,Okhotsk,RU,59.3833,143.3,12.67,89,100,21.27,overcast clouds
137,Sovetskiy,RU,61.3614,63.5842,-14.21,89,100,8.25,light snow
138,Westport,US,41.1415,-73.3579,30.99,86,90,12.66,snow
139,Saint-Georges,GD,12.0564,-61.7485,84.2,65,20,23.02,few clouds
140,Vilcun,CL,-38.65,-72.2333,71.6,73,75,6.91,broken clouds
141,Berlevag,NO,70.8578,29.0864,24.8,86,40,24.16,snow
142,Roald,NO,62.5833,6.1333,24.8,46,0,10.36,clear sky
143,Georgetown,MY,5.4112,100.3354,80.6,83,20,3.49,few clouds
144,Flin Flon,CA,54.7682,-101.865,-31.0,56,1,10.36,clear sky
145,Svetlaya,RU,46.5389,138.3297,1.29,84,100,11.86,overcast clouds
146,Mount Gambier,AU,-37.8333,140.7667,55.4,71,90,6.91,overcast clouds
147,Kruisfontein,ZA,-34.0033,24.7314,64.99,93,100,3.0,overcast clouds
148,Cabra,ES,37.4725,-4.4421,48.0,76,91,10.04,overcast clouds
149,Husavik,IS,66.0449,-17.3389,32.0,80,90,3.44,overcast clouds
150,Dhidhdhoo,MV,6.8833,73.1,81.36,74,66,9.75,broken clouds
151,Udachnyy,RU,66.4167,112.4,-25.37,84,100,6.08,overcast clouds
152,Fonte Boa,BR,-2.4959,-66.2662,87.91,66,98,3.62,overcast clouds
153,Pisco,PE,-13.7,-76.2167,75.2,83,40,9.22,scattered clouds
154,Marystown,CA,47.1666,-55.1483,31.1,88,2,29.57,clear sky
155,Tuatapere,NZ,-46.1333,167.6833,58.05,72,100,6.13,light rain
156,Carndonagh,IE,55.25,-7.2667,35.6,64,90,18.41,overcast clouds
157,Kenora,CA,49.8167,-94.4337,-20.0,57,1,10.36,clear sky
158,Leningradskiy,RU,69.3833,178.4167,-13.9,80,0,6.24,clear sky
159,Saint George,US,37.1041,-113.5841,52.0,36,1,3.44,clear sky
160,Carlibaba,RO,47.5833,25.1333,30.99,86,100,3.02,overcast clouds
161,Harper,LR,4.375,-7.7169,80.19,85,100,6.62,overcast clouds
162,Bozoum,CF,6.3193,16.3799,75.22,20,43,3.8,scattered clouds
163,Ambon,ID,-3.6954,128.1814,77.0,88,40,9.22,scattered clouds
164,Dire,ML,12.2833,-10.9667,85.46,15,9,4.99,clear sky
165,Morgan City,US,29.6994,-91.2068,63.0,67,1,12.66,clear sky
166,Belyy Yar,RU,53.6039,91.3903,6.8,92,20,4.32,smoke
167,Tumut,AU,-35.3,148.2167,59.0,88,0,4.61,clear sky
168,Traverse City,US,44.7631,-85.6206,8.01,72,75,12.66,light snow
169,Nerchinskiy Zavod,RU,51.3088,119.61,-20.74,86,0,2.48,clear sky
170,Evensk,RU,61.95,159.2333,18.18,84,100,33.38,overcast clouds
171,Valparaiso,CL,-33.0393,-71.6273,66.2,63,40,10.36,scattered clouds
172,Severo-Kurilsk,RU,50.6789,156.125,19.06,89,95,14.41,overcast clouds
173,Bilibino,RU,68.0546,166.4372,-0.81,73,2,6.13,clear sky
174,Slave Lake,CA,55.2834,-114.769,-27.4,68,1,6.91,clear sky
175,Lagoa,PT,39.05,-27.9833,57.76,74,100,20.76,overcast clouds
176,Omboue,GA,-1.5746,9.2618,79.34,84,100,5.39,light rain
177,Augusto Correa,BR,-1.0217,-46.635,84.33,71,16,7.43,few clouds
178,Kargopol,RU,61.5071,38.9456,-15.54,89,1,5.35,clear sky
179,Shanhetun,CN,44.7,127.2,-7.71,91,100,4.65,overcast clouds
180,Kallithea,GR,37.95,23.7,62.01,77,20,4.61,few clouds
181,Tutoia,BR,-2.7619,-42.2744,89.6,62,20,14.97,few clouds
182,Vestmannaeyjar,IS,63.4427,-20.2734,35.6,87,40,26.46,scattered clouds
183,Rozivka,UA,46.9385,35.7724,26.11,76,100,8.3,overcast clouds
184,Romny,UA,50.751,33.4747,3.9,93,100,3.0,overcast clouds
185,Remanso,BR,-9.6179,-42.0831,86.68,48,45,1.07,scattered clouds
186,Byron Bay,AU,-28.65,153.6167,75.2,78,75,10.36,broken clouds
187,Souillac,MU,-20.5167,57.5167,80.6,74,75,6.91,broken clouds
188,Cabo San Lucas,MX,22.8909,-109.9124,75.99,64,40,8.05,scattered clouds
189,Los Llanos De Aridane,ES,28.6585,-17.9182,64.4,68,40,8.05,scattered clouds
190,Jumla,NP,29.2747,82.1838,35.44,58,0,6.13,clear sky
191,Terney,RU,45.0503,136.6092,-3.39,86,0,16.13,clear sky
192,Tura,IN,25.5198,90.2201,58.1,46,0,2.98,clear sky
193,Chuy,UY,-33.6971,-53.4616,75.25,62,1,9.93,clear sky
194,Carbondale,US,37.7273,-89.2168,21.0,53,1,4.61,clear sky
195,Aljezur,PT,37.3191,-8.8033,55.0,100,94,3.0,overcast clouds
196,Lasa,IT,46.6166,10.7002,39.99,100,90,4.61,mist
197,Jarocin,PL,51.9727,17.5026,21.0,72,100,5.99,overcast clouds
198,Lagdo,CM,9.05,13.7333,84.2,16,0,5.75,clear sky
199,Opuwo,NA,-18.0607,13.84,77.36,32,62,9.73,broken clouds
200,Melfi,IT,40.9965,15.6514,48.0,100,90,13.8,fog
201,Ulvik,NO,60.5672,6.9187,12.2,62,0,2.3,clear sky
202,Baruun-Urt,MN,46.6806,113.2792,-2.04,86,91,8.75,overcast clouds
203,Kabanjahe,ID,3.1001,98.4908,78.8,100,40,5.75,mist
204,Eyl,SO,7.9803,49.8164,75.78,79,0,18.54,clear sky
205,Tuktoyaktuk,CA,69.4541,-133.0374,-25.6,75,75,19.57,snow
206,Kachiry,KZ,53.0675,76.1036,12.54,93,0,15.46,clear sky
207,Yar-Sale,RU,66.8333,70.8333,-11.47,90,100,24.81,light snow
208,Carutapera,BR,-1.195,-46.02,84.61,67,54,9.57,broken clouds
209,Najran,SA,17.4924,44.1277,68.0,34,91,4.23,overcast clouds
210,Broken Hill,AU,-31.95,141.4333,62.6,48,0,8.05,clear sky
211,Nome,US,64.5011,-165.4064,-5.8,84,1,5.82,clear sky
212,Upernavik,GL,72.7868,-56.1549,18.46,79,7,3.33,clear sky
213,Sambava,MG,-14.2667,50.1667,78.84,80,100,1.14,light rain
214,Palestine,PS,31.9216,35.2033,60.01,88,0,2.3,clear sky
215,Virginia Beach,US,36.8529,-75.978,39.99,98,100,5.01,overcast clouds
216,Saint-Joseph,RE,-21.3667,55.6167,78.8,78,0,5.75,clear sky
217,Krasnoselkup,RU,65.7,82.4667,9.01,95,95,15.95,light snow
218,Antalaha,MG,-14.9003,50.2788,77.81,83,98,2.35,light rain
219,Balykshi,KZ,47.0667,51.8667,12.2,73,0,8.95,clear sky
220,Kavieng,PG,-2.5744,150.7967,82.63,76,44,8.46,scattered clouds
221,Padang,ID,-0.9492,100.3543,78.8,83,20,5.75,light rain
222,Muravlenko,RU,63.7898,74.523,17.69,96,100,18.61,overcast clouds
223,Oktyabrskoye,RU,43.0645,44.7417,26.6,100,80,8.95,broken clouds
224,Dali,CN,25.7,100.1833,42.55,82,70,1.5,broken clouds
225,Egvekinot,RU,66.3167,-179.1667,-9.83,81,0,14.9,clear sky
226,Ancud,CL,-41.8697,-73.8203,80.6,34,0,6.91,clear sky
227,High Level,CA,58.5169,-117.136,-29.2,68,75,3.44,broken clouds
228,Santa Cruz De Tenerife,ES,28.4682,-16.2546,63.0,94,75,12.66,broken clouds
229,Tari,NG,12.4086,4.4914,83.77,18,100,9.82,overcast clouds
230,Carlsbad,US,33.1581,-117.3506,66.0,82,1,8.05,clear sky
231,Ishurdi,BD,24.1333,89.0833,60.62,48,0,7.9,clear sky
232,Caravelas,BR,-17.7125,-39.2481,79.97,85,100,10.13,light rain
233,Mponela,MW,-13.5319,33.7401,65.52,93,100,4.47,overcast clouds
234,Saint Anthony,US,45.0205,-93.218,-5.01,54,1,10.36,clear sky
235,Krasnovishersk,RU,60.4078,57.082,-18.18,86,100,6.58,light snow
236,Ostrovnoy,RU,68.0531,39.5131,6.89,93,100,5.91,light snow
237,Mathathane,BW,-22.2687,28.7495,77.45,60,68,7.65,broken clouds
238,Harstad,NO,68.799,16.5293,30.2,69,75,8.05,light snow
239,Ayorou,NE,14.7308,0.9174,84.06,14,75,8.48,broken clouds
240,Aklavik,CA,68.2191,-135.0107,-13.0,64,90,13.8,snow
241,Peniche,PT,39.3558,-9.3811,57.0,92,100,21.99,overcast clouds
242,Tuzamapan,MX,19.4,-96.85,74.95,64,59,6.17,broken clouds
243,Guerrero Negro,MX,27.9769,-114.0611,73.76,21,0,3.89,clear sky
244,Mount Isa,AU,-20.7333,139.5,78.8,94,40,8.05,scattered clouds
245,La Vista,US,41.1839,-96.0311,8.01,61,90,9.22,light snow
246,Ust-Omchug,RU,61.15,149.6333,0.63,89,99,11.03,overcast clouds
247,Itarema,BR,-2.9248,-39.9167,85.75,64,0,15.84,clear sky
248,Port-Gentil,GA,-0.7193,8.7815,80.6,83,40,8.61,moderate rain
249,Maceio,BR,-9.6658,-35.7353,87.8,62,40,14.97,scattered clouds
250,Trincomalee,LK,8.5711,81.2335,79.2,84,16,17.0,few clouds
251,Calama,CL,-22.4667,-68.9333,73.4,33,0,26.46,clear sky
252,High Rock,BS,26.6208,-78.2833,78.8,83,75,13.8,broken clouds
253,Buchanan,LR,5.8808,-10.0467,82.4,78,20,3.44,few clouds
254,Vardo,NO,70.3705,31.1107,23.0,86,75,32.21,snow
255,Verkhnevilyuysk,RU,63.4453,120.3167,-10.34,87,100,9.57,overcast clouds
256,Anadyr,RU,64.75,177.4833,10.4,40,0,11.18,clear sky
257,Inhambane,MZ,-23.865,35.3833,82.4,74,20,4.61,light rain
258,Verkh-Suetka,RU,53.3,80.05,15.31,94,0,14.2,clear sky
259,Mokhotlong,LS,-29.2894,29.0675,58.17,72,78,2.68,light rain
260,Katobu,ID,-4.9408,122.5276,75.58,93,75,0.81,broken clouds
261,Chipinge,ZW,-20.1883,32.6236,65.48,96,45,4.12,scattered clouds
262,Namikupa,TZ,-10.8333,39.6,74.14,96,100,4.65,overcast clouds
263,Flinders,AU,-34.5833,150.8552,66.0,82,53,1.99,broken clouds
264,Port Hawkesbury,CA,45.6169,-61.3485,30.99,46,75,6.91,broken clouds
265,Quimper,FR,48.0,-4.1,41.0,81,0,8.05,clear sky
266,Oranjestad,AW,12.524,-70.027,84.2,65,40,18.41,scattered clouds
267,Saint-Pierre,RE,-21.3393,55.4781,78.8,78,0,5.75,clear sky
268,Funtua,NG,11.5233,7.3081,72.36,19,0,8.81,clear sky
269,Bambanglipuro,ID,-7.95,110.2833,76.12,90,100,4.81,moderate rain
270,Nanortalik,GL,60.1432,-45.2371,30.79,88,100,13.13,overcast clouds
271,Coacotla,MX,17.9333,-94.675,80.6,65,75,23.02,broken clouds
272,Sucua,EC,-2.4667,-78.1667,82.4,44,40,5.75,light rain
273,Kamenka,RU,51.3223,42.7678,-5.82,91,1,9.44,clear sky
274,Namatanai,PG,-3.6667,152.4333,80.17,80,100,4.43,light rain
275,Vao,NC,-22.6667,167.4833,77.05,85,85,1.1,overcast clouds
276,Konnur,IN,16.2,74.75,69.53,32,0,5.64,clear sky
277,Sao Filipe,CV,14.8961,-24.4956,71.11,70,100,10.29,overcast clouds
278,Axim,GH,4.8699,-2.2405,80.47,85,100,9.37,overcast clouds
279,San Policarpo,PH,12.1791,125.5072,79.97,84,100,18.63,moderate rain
280,Matamoros,MX,25.5333,-103.25,66.2,11,75,1.7,broken clouds
281,Pangnirtung,CA,66.1451,-65.7125,33.8,37,20,11.5,few clouds
282,Aguilas,ES,37.4063,-1.5829,61.0,60,2,14.0,clear sky
283,Dawei,MM,14.0833,98.2,70.93,71,0,2.62,clear sky
284,Itainopolis,BR,-7.4469,-41.4783,93.07,39,49,3.44,scattered clouds
285,Whitehorse,CA,60.7161,-135.0538,-9.4,77,90,2.04,light snow
286,Nemuro,JP,43.3236,145.575,14.04,87,0,10.85,clear sky
287,Karasuk,RU,53.7377,78.0403,12.22,93,0,17.38,clear sky
288,Cancun,MX,21.1743,-86.8466,84.0,82,19,10.0,few clouds
289,Tigil,RU,57.8,158.6667,27.72,92,11,20.69,few clouds
290,Maralal,KE,1.0968,36.698,63.09,79,88,4.92,light rain
291,Bemidji,US,47.4736,-94.8803,-11.99,58,1,13.8,clear sky
292,Tromso,NO,69.6496,18.957,26.6,74,75,8.05,light snow
293,Tortoli,IT,39.9256,9.6572,57.2,62,0,18.41,clear sky
294,Cockburn Town,TC,21.4612,-71.1419,80.6,74,40,14.97,scattered clouds
295,Toora-Khem,RU,52.4675,96.11,8.4,92,100,2.62,overcast clouds
296,Fiche,ET,9.8,38.7333,54.09,63,64,4.81,broken clouds
297,Meshcherino,RU,55.1957,38.36,10.4,72,75,13.42,light snow
298,Mogadishu,SO,2.0371,45.3438,78.08,77,6,23.42,clear sky
299,Jha Jha,IN,24.7667,86.3667,57.61,60,0,4.47,clear sky
300,Roma,US,43.2128,-75.4557,28.99,80,90,3.44,light snow
301,Kodiak,US,57.79,-152.4072,26.6,68,1,4.61,clear sky
302,Samarai,PG,-10.6167,150.6667,81.77,77,100,5.19,overcast clouds
303,Lebu,CL,-37.6167,-73.65,63.72,75,11,8.66,few clouds
304,Ponta Delgada,PT,37.7333,-25.6667,59.0,82,75,13.8,broken clouds
305,Vila Velha,BR,-20.3297,-40.2925,71.6,94,90,3.44,overcast clouds
306,Port Hedland,AU,-20.3167,118.5667,78.8,69,40,9.22,scattered clouds
307,Hambantota,LK,6.1241,81.1185,77.0,94,0,8.05,clear sky
308,Alice Springs,AU,-23.7,133.8833,77.0,35,28,4.61,scattered clouds
309,Talaya,RU,61.3833,152.75,-6.93,88,100,10.0,overcast clouds
310,Vaitape,PF,-16.5167,-151.75,80.98,76,5,11.92,clear sky
311,Katsuura,JP,35.1333,140.3,44.6,57,0,8.05,clear sky
312,Elat,IL,29.5581,34.9482,68.0,52,0,10.36,clear sky
313,Xushan,CN,30.1764,121.2457,55.0,82,75,11.18,light rain
314,Wabana,CA,47.6332,-52.9481,32.0,55,20,27.63,few clouds
315,Shieli,KZ,44.1667,66.75,38.28,88,65,11.21,broken clouds
316,Marienburg,PL,54.0359,19.0266,10.99,100,51,11.3,broken clouds
317,Kurilsk,RU,45.2333,147.8833,13.48,92,100,14.05,light snow
318,Sohag,EG,26.557,31.6948,64.4,55,0,6.91,clear sky
319,Pendleton,US,45.6721,-118.7886,44.01,56,1,32.21,clear sky
320,Tera,NE,14.0078,0.7531,82.83,15,0,7.16,clear sky
321,At-Bashi,KG,41.1702,75.8106,25.38,84,99,2.37,snow
322,Muchkapskiy,RU,51.8513,42.4717,-3.24,90,46,10.74,scattered clouds
323,Yerbogachen,RU,61.2767,108.0108,18.28,97,100,5.77,light snow
324,Batagay-Alyta,RU,67.8006,130.4114,-33.21,79,0,2.57,clear sky
325,Lazaro Cardenas,MX,17.9583,-102.2,82.38,54,0,9.08,clear sky
326,New Waterford,US,40.8451,-80.6145,24.01,47,90,5.01,overcast clouds
327,Port Hardy,CA,50.6996,-127.4199,39.2,93,75,8.05,light snow
328,Port Keats,AU,-14.25,129.55,81.73,80,100,7.83,overcast clouds
329,Kenai,US,60.5544,-151.2583,8.6,85,40,6.91,mist
330,Bethel,US,41.3712,-73.414,28.0,93,90,8.05,snow
331,Ahuimanu,US,21.4447,-157.8378,69.01,82,20,3.22,few clouds
332,Imbituba,BR,-28.24,-48.6703,82.4,51,20,14.97,few clouds
333,Ngunguru,NZ,-35.6167,174.5,57.99,92,62,1.01,broken clouds
334,Hirara,JP,24.8,125.2833,68.5,71,91,10.8,overcast clouds
335,Hare Bay,CA,48.8499,-54.0148,33.8,47,0,20.71,clear sky
336,Amambai,BR,-23.1042,-55.2258,79.68,53,0,4.59,clear sky
337,Kargasok,RU,59.0556,80.8572,9.36,93,100,13.62,overcast clouds
338,Rawson,AR,-43.3002,-65.1023,61.18,48,24,12.97,few clouds
339,Urengoy,RU,65.9667,78.3667,1.67,93,100,16.89,light snow
340,Sergeyevka,KZ,53.88,67.4158,8.08,92,100,15.86,overcast clouds
341,Newton,US,42.337,-71.2092,34.0,100,100,5.75,snow
342,Turayf,SA,31.6725,38.6637,53.6,71,0,4.61,clear sky
343,Moose Factory,CA,51.2585,-80.6094,-5.8,64,90,9.22,light snow
344,San Vicente,AR,-26.6167,-54.1333,87.8,20,0,6.42,clear sky
345,Atikokan,CA,48.7555,-91.6216,-15.65,85,96,9.71,overcast clouds
346,Xinzhou,CN,38.4092,112.7333,27.45,79,0,1.9,clear sky
347,Hualmay,PE,-11.0964,-77.6139,76.75,63,100,9.4,overcast clouds
348,Tiarei,PF,-17.5333,-149.3333,82.4,65,75,3.44,light rain
349,Sandpoint,US,48.2766,-116.5533,32.0,59,1,5.75,clear sky
350,Boa Vista,BR,2.8197,-60.6733,87.8,51,75,12.66,broken clouds
351,Galesong,ID,-5.3166,119.3661,75.2,100,20,2.3,few clouds
352,Komsomolskiy,UZ,40.4272,71.7189,44.8,84,99,2.19,overcast clouds
353,Geraldton,AU,-28.7667,114.6,69.8,78,40,10.36,scattered clouds
354,Mozarlandia,BR,-14.7447,-50.5706,74.59,91,100,11.01,overcast clouds
355,Xunchang,CN,28.4543,104.715,56.05,58,100,1.95,overcast clouds
356,Boueni,YT,-12.9025,45.0761,82.4,78,20,8.05,few clouds
357,Kargala,RU,56.6208,83.9607,14.92,94,100,14.2,overcast clouds
358,Macae,BR,-22.3708,-41.7869,75.2,88,90,4.61,light rain
359,Wahiawa,US,21.5028,-158.0236,64.4,72,1,3.44,clear sky
360,Ingham,US,42.6,-84.3833,12.0,61,90,10.36,overcast clouds
361,Lianran,CN,24.9227,102.485,48.0,100,75,2.24,broken clouds
362,Coihaique,CL,-45.5752,-72.0662,73.4,35,0,6.91,clear sky
363,Uyemskiy,RU,64.4743,40.8524,-5.8,77,75,2.24,broken clouds
364,Shelburne,CA,44.0787,-80.2041,18.0,53,75,13.8,broken clouds
365,Mayor Pablo Lagerenza,PY,-19.9309,-60.7718,99.0,16,0,5.26,clear sky
366,Neuquen,AR,-38.9516,-68.0591,69.8,46,90,10.36,overcast clouds
367,Cafelandia,BR,-21.8025,-49.61,82.99,52,41,7.29,scattered clouds
368,Gat,IL,31.61,34.7642,60.01,100,1,5.21,clear sky
369,Hami,CN,42.8,93.45,31.55,79,2,4.97,clear sky
370,Morecambe,GB,54.0684,-2.8611,36.0,100,74,14.0,broken clouds
371,Darhan,MN,49.4867,105.9228,3.0,87,0,5.88,clear sky
372,Egersund,NO,58.4513,5.9997,23.0,54,0,6.91,clear sky
373,Farafangana,MG,-22.8167,47.8333,79.83,86,100,13.6,overcast clouds
374,Kokopo,PG,-4.352,152.2633,77.56,85,40,4.74,scattered clouds
375,Palana,RU,59.1167,159.9667,14.13,91,55,30.82,broken clouds
376,Kalmunai,LK,7.4167,81.8167,77.22,87,19,10.69,few clouds
377,Manaus,BR,-3.1019,-60.025,78.8,83,75,12.66,broken clouds
378,Shaoxing,CN,30.011,120.5715,51.8,82,75,13.42,mist
379,Yaya,RU,56.206,86.44,18.32,93,92,14.97,overcast clouds
380,Mirnyy,RU,62.5353,113.9611,1.99,94,100,5.28,light snow
381,Cukai,MY,4.25,103.4167,78.8,89,82,4.61,broken clouds
382,General Roca,AR,-39.0333,-67.5833,69.8,46,90,10.36,overcast clouds
383,Griffith,US,41.5284,-87.4237,8.01,51,1,3.44,clear sky
384,Valday,RU,57.9747,33.2525,4.1,96,100,5.01,overcast clouds
385,Tobermory,CA,45.2501,-81.6665,14.0,92,100,12.66,light snow
386,Pavlovsk,RU,50.4578,40.1081,6.96,89,0,8.1,clear sky
387,Zyryanka,RU,65.75,150.85,-19.07,85,100,16.46,overcast clouds
388,Mandalgovi,MN,45.7625,106.2708,12.45,81,0,10.09,clear sky
389,Tanout,NE,14.9709,8.8879,70.97,17,47,10.78,scattered clouds
390,Puerto Narino,CO,-3.7703,-70.3831,84.2,84,75,4.61,broken clouds
391,Clyde River,CA,70.4692,-68.5914,-4.0,84,40,6.91,light snow
392,San Luis,AR,-33.295,-66.3356,90.48,21,3,7.29,clear sky
393,Mackay,AU,-21.15,149.2,78.8,94,90,8.05,overcast clouds
394,Altamont,US,42.2068,-121.7372,41.0,80,1,2.42,clear sky
395,Ilo,PE,-17.6394,-71.3375,76.91,67,89,10.69,overcast clouds
396,Zhangye,CN,38.9342,100.4517,28.89,71,100,3.2,overcast clouds
397,Neiafu,TO,-18.65,-173.9833,77.0,94,90,13.8,light rain
398,Gogrial,SS,8.5332,28.1004,69.75,22,100,4.92,overcast clouds
399,Asosa,ET,10.0667,34.5333,63.61,29,100,5.26,overcast clouds
400,Porto Velho,BR,-8.7619,-63.9039,87.8,66,40,5.75,scattered clouds
401,Ozernovskiy,RU,51.5,156.5167,20.5,93,100,19.82,light snow
402,Pochutla,MX,15.7432,-96.4661,84.99,69,90,9.22,overcast clouds
403,Chapais,CA,49.7834,-74.8492,15.8,79,90,10.36,light snow
404,Newport,GB,51.5877,-2.9984,35.01,73,74,24.23,broken clouds
405,Sao Joao Da Barra,BR,-21.6403,-41.0511,73.4,94,90,6.91,moderate rain
406,Talara,PE,-4.5772,-81.2719,89.6,48,0,16.11,clear sky
407,Vytegra,RU,61.0064,36.4481,-7.51,90,76,2.71,broken clouds
408,Japura,ID,-0.3167,102.35,73.8,88,100,1.19,overcast clouds
409,Lompoc,US,34.6391,-120.4579,63.0,71,1,3.44,clear sky
410,Constitucion,CL,-35.3333,-72.4167,66.72,67,3,8.59,clear sky
411,Sur,OM,22.5667,59.5289,65.1,73,0,4.56,clear sky
412,Pecanha,BR,-18.5486,-42.5569,70.63,93,100,2.93,overcast clouds
413,Kahului,US,20.8947,-156.47,70.0,77,20,5.75,few clouds
414,Tshikapa,CD,-6.4167,20.8,74.32,78,9,1.66,clear sky
415,Hofn,IS,64.2539,-15.2082,35.67,94,100,18.92,overcast clouds
416,Srednekolymsk,RU,67.45,153.6833,-7.1,86,100,5.84,overcast clouds
417,Lola,GN,7.8,-8.5333,83.73,48,100,4.38,overcast clouds
418,Cherskiy,RU,68.75,161.3,-4.32,70,12,1.23,few clouds
419,Maniitsoq,GL,65.4167,-52.9,27.84,80,0,17.27,clear sky
420,Mordovo,RU,52.0834,40.77,-5.58,91,27,9.33,scattered clouds
421,La Ronge,CA,55.1001,-105.2842,-32.8,61,55,6.91,broken clouds
422,Marshalltown,US,42.0494,-92.908,-5.01,64,90,3.44,overcast clouds
423,Buea,CM,4.1527,9.241,84.2,84,40,3.44,scattered clouds
424,Faya,SA,18.3851,42.4509,57.2,62,0,7.81,clear sky
425,Saint-Francois,FR,46.4154,3.9054,39.99,87,75,3.44,broken clouds
426,Wukari,NG,7.85,9.7833,85.5,14,98,3.76,overcast clouds
427,Mahibadhoo,MV,3.7833,72.9667,81.07,75,0,13.85,clear sky
428,Manhattan,US,40.7834,-73.9662,33.01,93,90,11.5,snow
429,Marsh Harbour,BS,26.5412,-77.0636,78.04,78,0,18.92,clear sky
430,Mataram,ID,-8.5833,116.1167,77.0,100,40,2.3,scattered clouds
431,Puerto Quijarro,BO,-17.7833,-57.7667,94.75,27,2,5.66,clear sky
432,Khani,GE,41.9563,42.9566,44.6,100,75,2.3,broken clouds
433,Whyalla,AU,-33.0333,137.5833,62.6,77,0,10.36,clear sky
434,Srisailam,IN,16.0833,78.8667,65.3,52,67,3.91,broken clouds
435,Ostrovskoye,RU,57.8057,42.2433,-15.52,87,64,7.56,broken clouds
436,Dabhol,IN,17.6,73.1667,73.92,41,0,8.52,clear sky
437,Tilichiki,RU,60.4667,166.1,11.25,97,100,16.58,snow
438,Lata,PT,40.1629,-8.3327,54.0,92,100,1.99,overcast clouds
439,Cervo,ES,43.6702,-7.4101,52.0,90,100,5.99,overcast clouds
440,Senaki,GE,42.2704,42.0675,44.6,100,75,2.3,broken clouds
441,Mahajanga,MG,-15.7167,46.3167,78.8,89,40,2.3,light rain
442,Pozo Colorado,PY,-23.4923,-58.7972,93.76,22,0,4.16,clear sky
443,Zhigansk,RU,66.7697,123.3711,-32.58,80,10,10.09,clear sky
444,Patulul,GT,14.4167,-91.1667,89.6,48,20,6.91,few clouds
445,Samoded,RU,63.6083,40.5111,-18.44,87,0,5.99,clear sky
446,Meulaboh,ID,4.1363,96.1285,77.49,85,76,4.0,broken clouds
447,Charters Towers,AU,-20.1,146.2667,76.96,88,100,7.96,overcast clouds
448,Alamogordo,US,32.8995,-105.9603,64.0,11,1,9.22,clear sky
449,Gazli,UZ,40.1333,63.45,54.55,54,100,6.62,overcast clouds
450,Bakchar,RU,57.0186,82.0711,11.7,94,100,13.29,overcast clouds
451,Bowen,AU,-20.0167,148.2333,78.8,94,75,3.8,broken clouds
452,Tocopilla,CL,-22.092,-70.1979,74.08,57,40,5.59,scattered clouds
453,Namibe,AO,-15.1961,12.1522,73.11,76,100,4.21,overcast clouds
454,Luanda,AO,-8.8368,13.2343,80.6,78,75,8.05,broken clouds
455,Totness,SR,5.8833,-56.3167,81.18,77,100,14.7,overcast clouds
456,Gospic,HR,44.5461,15.3747,57.2,82,90,23.02,overcast clouds
457,Akdepe,TM,42.0551,59.3788,46.4,81,0,6.91,clear sky
458,Porto Torres,IT,40.835,8.3972,55.4,76,75,5.75,broken clouds
459,Itaqui,BR,-29.1253,-56.5531,88.32,32,0,9.71,clear sky
460,Pinheiro Machado,BR,-31.5783,-53.3811,84.0,71,8,5.01,clear sky
461,Kununurra,AU,-15.7667,128.7333,78.8,79,75,6.96,moderate rain
462,Dingle,PH,10.9995,122.6711,75.52,91,100,9.28,overcast clouds
463,Shelui,TZ,-4.3667,34.2,70.9,76,89,2.42,light rain
464,Cap Malheureux,MU,-19.9842,57.6142,80.01,80,95,3.0,light rain
465,Muisne,EC,0.6,-80.0333,84.2,84,75,8.05,light rain
466,Rocha,UY,-34.4833,-54.3333,75.7,64,37,13.06,scattered clouds
467,Olavarria,AR,-36.8927,-60.3225,80.01,60,0,3.0,clear sky
468,Codrington,AU,-38.2667,141.9667,56.37,70,100,9.57,overcast clouds
469,Vila Franca Do Campo,PT,37.7167,-25.4333,59.0,82,75,13.8,broken clouds
470,Stornoway,GB,58.2093,-6.3865,35.6,64,75,11.5,broken clouds
471,Craig,US,40.5153,-107.5464,39.2,38,1,24.16,clear sky
472,Elizabeth City,US,36.2946,-76.2511,41.0,95,100,1.99,overcast clouds
473,Mayo,US,38.8876,-76.5119,37.0,100,90,6.91,mist
474,Talavera,PH,15.6167,120.9333,75.2,78,40,2.3,scattered clouds
475,Robe,AU,-37.1833,139.75,55.4,76,100,14.5,overcast clouds
476,Key West,US,24.5557,-81.7826,80.6,88,1,9.22,clear sky
477,Cap-Aux-Meules,CA,47.3821,-61.8597,28.4,64,11,14.97,few clouds
478,Kataysk,RU,56.289,62.5841,-7.31,87,62,12.01,broken clouds
479,Lancaster,US,40.2504,-76.2499,36.0,80,90,5.75,haze
480,Moron,AR,-34.6534,-58.6198,91.0,29,0,5.01,clear sky
481,Tupancireta,BR,-29.0806,-53.8358,80.4,47,0,4.5,clear sky
482,Garmsar,IR,35.2182,52.3409,53.19,67,100,5.41,overcast clouds
483,Tezu,IN,27.9167,96.1667,60.01,36,0,3.69,clear sky
484,Qiongshan,CN,20.0058,110.3542,68.0,100,20,4.52,few clouds
485,Altay,CN,47.8667,88.1167,22.96,83,100,3.94,light snow
486,Agadez,NE,19.75,10.25,70.27,18,100,8.61,overcast clouds
487,Camacha,PT,33.0833,-16.3333,62.6,77,75,16.11,broken clouds
488,Sinegorskiy,RU,48.0139,40.8447,19.69,74,100,7.31,overcast clouds
489,Qui Nhon,VN,13.7667,109.2333,71.44,86,100,7.49,overcast clouds
490,Makakilo City,US,21.3469,-158.0858,70.0,72,1,3.44,clear sky
491,Port Blair,IN,11.6667,92.75,78.64,78,0,8.93,clear sky
492,Dauriya,RU,49.9333,116.8667,-15.86,84,0,3.04,clear sky
493,Drahovo,UA,48.2357,23.5491,44.01,92,100,1.01,overcast clouds
494,Surgut,RU,61.25,73.4167,17.6,86,75,17.9,snow
495,Fort Nelson,CA,58.8053,-122.7002,-29.2,68,20,2.3,few clouds
496,Ternate,ID,0.8,127.4,80.87,79,92,4.05,overcast clouds
497,Ulaanbaatar,MN,47.9077,106.8832,-14.8,76,0,2.24,clear sky
498,Iqaluit,CA,63.7506,-68.5145,26.6,68,75,19.57,snow
499,Beruwala,LK,6.4788,79.9828,75.99,89,0,5.95,clear sky
500,Sivaki,RU,52.6333,126.75,-17.18,87,5,7.94,clear sky
501,Crotone,IT,39.0851,17.1178,57.2,100,40,10.36,mist
502,Asau,RO,46.4333,26.4,30.0,74,100,1.77,overcast clouds
503,Luderitz,NA,-26.6481,15.1594,71.65,59,0,30.71,clear sky
504,Karuri,KE,-0.7,37.1833,68.04,82,100,1.1,light rain
505,Herat,AF,34.5,62.0,55.26,33,68,5.86,broken clouds
506,Abong Mbang,CM,3.9833,13.1833,77.99,37,100,3.62,overcast clouds
507,Luau,AO,-10.7073,22.2247,68.11,96,100,4.72,light rain
508,Mitu,CO,1.1983,-70.1733,89.08,57,93,2.82,overcast clouds
509,Drayton Valley,CA,53.2168,-114.9854,-13.14,85,40,3.85,scattered clouds
510,Broome,US,42.2506,-75.833,33.01,86,90,10.36,light snow
511,Nosy Varika,MG,-20.5833,48.5333,80.78,83,100,12.15,overcast clouds
512,Haradok,BY,55.4624,29.9816,2.61,94,12,5.86,few clouds
513,Kuching,MY,1.55,110.3333,75.2,100,40,2.3,scattered clouds
514,Ixtapa,MX,20.7,-105.2,75.2,64,1,6.91,clear sky
515,Yeppoon,AU,-23.1333,150.7333,78.8,83,2,10.36,clear sky
516,Fukue,JP,32.6881,128.8419,52.27,62,98,21.23,overcast clouds
517,Warrington,GB,53.3925,-2.5802,37.0,69,75,16.11,broken clouds
518,Stephenville,US,32.2207,-98.2023,57.2,41,1,12.66,clear sky
519,La Libertad,EC,-2.2333,-80.9,82.4,74,0,6.91,clear sky
520,Yagodnoye,RU,62.55,149.6667,-3.44,87,100,7.67,overcast clouds
521,Juneau,US,58.3019,-134.4197,21.99,100,0,5.44,clear sky
522,Gemena,CD,3.25,19.7667,80.01,21,98,3.29,overcast clouds
523,Miracema Do Tocantins,BR,-9.5618,-48.3967,74.5,87,100,6.85,heavy intensity rain
524,Jawhar,SO,2.7809,45.5005,75.96,73,1,20.65,clear sky
525,Maragogi,BR,-9.0122,-35.2225,82.42,72,72,12.97,broken clouds
526,Dickinson,US,29.4608,-95.0513,61.0,58,1,11.5,clear sky
527,Lienz,AT,46.8289,12.769,35.6,87,90,1.88,light snow
528,Redding,US,40.5865,-122.3917,63.0,58,1,3.44,clear sky
529,Marsaxlokk,MT,35.8419,14.5431,63.0,82,0,11.5,clear sky
530,Adre,TD,13.4667,22.2,66.36,22,0,10.74,clear sky
531,Riyadh,SA,24.6877,46.7219,60.8,51,0,10.36,clear sky
532,Tupik,RU,54.4253,119.9327,-19.62,82,41,2.3,scattered clouds
533,Alibag,IN,18.6411,72.8792,78.8,36,4,7.92,smoke
534,Alofi,NU,-19.0595,-169.9187,78.8,94,100,5.75,overcast clouds
535,Atasu,KZ,48.6814,71.6433,22.03,95,99,14.12,overcast clouds
536,Thames,NZ,-37.1333,175.5333,64.99,90,4,2.59,clear sky
537,Kelvington,CA,52.1667,-103.5343,-27.4,68,52,5.75,broken clouds
538,Binga,ZW,-17.6203,27.3414,75.36,83,100,2.51,overcast clouds
539,Kieta,PG,-6.2167,155.6333,79.88,78,36,4.63,light rain
540,Egra,CZ,50.0796,12.3739,26.01,96,100,4.0,snow
541,Terre Haute,US,39.4667,-87.4139,15.01,61,1,6.91,clear sky
542,Crucea,RO,44.5333,28.2333,45.0,100,90,16.11,light intensity drizzle
543,Noumea,NC,-22.2763,166.4572,77.0,100,0,2.3,clear sky
544,Cayenne,GF,4.9333,-52.3333,82.4,78,75,19.57,broken clouds
545,North Platte,US,41.1239,-100.7654,3.2,78,90,13.8,overcast clouds
546,Hvide Sande,DK,56.0045,8.1294,26.01,82,100,4.0,overcast clouds
547,Yuli,NG,9.6989,10.2744,81.18,16,99,5.75,overcast clouds
548,Dunda,TZ,-8.1167,34.25,68.58,89,100,3.65,light rain
549,Gatesville,US,31.4352,-97.7439,57.99,47,1,10.36,clear sky
550,Port Augusta,AU,-32.5,137.7667,62.6,77,0,10.36,clear sky
551,Havoysund,NO,70.9963,24.6622,26.6,68,75,27.63,light snow
552,Biskamzha,RU,53.4497,89.5272,23.65,96,78,4.43,broken clouds
553,Nantucket,US,41.2835,-70.0995,33.01,100,90,19.57,snow
554,Doha,QA,25.2867,51.5333,69.8,73,20,10.36,few clouds
555,Beloha,MG,-25.1667,45.05,76.06,86,2,8.41,clear sky
556,Bataipora,BR,-22.2953,-53.2711,82.85,61,38,1.01,scattered clouds
557,Sitka,US,57.0531,-135.33,30.2,47,1,5.75,clear sky
558,Cheremnoye,RU,53.1697,83.2133,23.0,74,75,15.66,broken clouds
559,Bastia,FR,42.6667,9.3333,55.0,93,20,5.75,few clouds
560,Linqiong,CN,30.4159,103.4609,50.0,76,0,1.83,clear sky
561,Half Moon Bay,US,37.4636,-122.4286,60.01,76,1,5.75,haze
562,Kalabo,ZM,-14.97,22.6814,71.55,86,100,2.8,overcast clouds
563,Plouzane,FR,48.3833,-4.6167,41.0,81,0,13.8,clear sky
564,Kolondieba,ML,11.0882,-6.8926,87.85,15,100,5.79,overcast clouds
565,Bairiki,KI,1.3292,172.9752,80.6,89,75,9.22,light rain
566,Bucerias,MX,20.75,-105.3333,75.2,64,1,6.91,clear sky
567,Leh,IN,34.1667,77.5833,13.06,57,0,1.34,clear sky
568,Kotelnich,RU,58.3089,48.348,-16.87,86,100,9.17,overcast clouds
569,Nanakuli,US,21.3906,-158.1547,70.0,72,1,3.44,clear sky
570,Trairi,BR,-3.2778,-39.2689,86.34,60,2,13.78,clear sky
571,Prieska,ZA,-29.6641,22.7474,86.56,14,0,8.7,clear sky
572,Kakamega,KE,0.2842,34.7523,59.0,88,75,3.44,broken clouds
573,Maarianhamina,AX,60.0973,19.9348,15.8,92,20,1.14,light snow
574,Katherine,AU,-14.4667,132.2667,75.2,100,90,6.91,overcast clouds
575,Bandarbeyla,SO,9.4942,50.8122,76.05,78,12,18.61,few clouds
576,Portland,US,45.5234,-122.6762,46.0,70,90,7.7,overcast clouds
577,Peterhead,GB,57.5058,-1.7981,32.0,93,75,12.66,light snow
578,Kidal,ML,18.4411,1.4078,73.9,20,100,6.33,overcast clouds
579,De Aar,ZA,-30.6497,24.0123,78.8,35,0,18.25,clear sky
580,Turbat,PK,26.0023,63.044,55.72,39,0,0.83,clear sky
581,Khash,IR,28.2211,61.2158,49.66,36,0,5.84,clear sky
582,Ubinskoye,RU,55.3068,79.6802,12.04,95,100,18.21,overcast clouds
583,Dukat,RU,62.55,155.55,3.61,87,100,13.73,overcast clouds
584,Nicoya,CR,10.1483,-85.452,91.4,40,0,17.27,clear sky
585,Constantine,DZ,36.365,6.6147,46.4,76,40,9.22,scattered clouds
586,Tonekabon,IR,36.8163,50.8738,51.8,93,90,1.54,mist
587,Boende,CD,-0.2167,20.8667,77.79,71,97,0.85,overcast clouds
588,Homer,US,59.6425,-151.5483,23.0,79,1,5.37,clear sky
589,Brae,GB,60.3964,-1.353,33.8,60,75,4.61,broken clouds
590,Aksarka,RU,66.5606,67.7975,-16.89,88,100,29.59,light snow
591,Campbellton,CA,48.0075,-66.6727,24.8,46,100,3.44,overcast clouds
592,Tongliao,CN,43.6125,122.2653,-0.99,88,0,8.08,clear sky
593,Beaufort,MY,5.3473,115.7455,80.6,89,20,6.91,few clouds
594,Redmond,US,47.674,-122.1215,45.0,79,98,5.77,overcast clouds
595,Cururupu,BR,-1.8283,-44.8683,86.05,63,5,6.51,clear sky
596,Yatou,CN,37.15,122.3833,27.84,82,0,12.8,clear sky
597,Quang Ngai,VN,15.1167,108.8,70.68,83,97,3.31,overcast clouds
598,Santa Isabel Do Rio Negro,BR,-0.4139,-65.0192,86.36,74,97,3.71,overcast clouds
599,Fomboni,KM,-12.28,43.7425,84.42,72,100,8.61,moderate rain
600,Ascension,US,30.2169,-90.9001,57.2,58,1,5.75,clear sky
601,Manggar,ID,-2.8833,108.2667,79.68,82,100,13.18,overcast clouds
602,Emba,KZ,48.8264,58.1442,11.8,95,69,13.69,broken clouds
603,Acapulco,MX,16.8634,-99.8901,86.0,54,40,5.66,scattered clouds
604,Kurikka,FI,62.6167,22.4167,19.4,93,0,8.05,clear sky
605,Waitati,NZ,-45.75,170.5667,59.0,90,67,1.88,broken clouds
606,Celestun,MX,20.8667,-90.4,79.63,69,0,10.45,clear sky
607,Kholtoson,RU,50.2981,103.3097,2.7,88,30,4.14,scattered clouds
608,The Valley,AI,18.217,-63.0578,84.2,69,20,18.41,few clouds
609,Kyzyl-Suu,KG,42.3414,78.0056,36.07,75,100,3.15,overcast clouds
610,Bayanday,RU,53.0661,105.5139,7.74,87,50,1.79,scattered clouds
611,Uniontown,US,39.9001,-79.7164,28.99,44,100,5.01,overcast clouds
612,Santiago,CL,-33.4569,-70.6483,79.0,60,0,5.75,haze
613,Bolkhov,RU,53.4433,36.0044,-0.36,93,55,8.63,broken clouds
614,Chivilcoy,AR,-34.8957,-60.0167,91.0,69,0,5.01,clear sky
615,Seal Beach,US,33.7414,-118.1048,63.0,59,90,2.84,mist
616,Marzuq,YE,14.4,46.4667,62.38,66,0,1.43,clear sky
617,Mayskiy,RU,47.6931,40.1025,15.8,67,0,4.47,clear sky
618,Severo-Yeniseyskiy,RU,60.3725,93.0408,26.11,97,98,11.74,overcast clouds
619,Bahia Honda,CU,22.9036,-83.1592,85.28,61,3,8.95,clear sky
620,Nioki,CD,-2.7167,17.6833,75.54,84,100,2.68,light rain
621,Huangmei,CN,30.1924,116.025,51.66,85,100,6.87,light rain
622,Tucuman,AR,-26.8241,-65.2226,89.6,45,20,2.68,few clouds
623,Iskateley,RU,67.6803,53.1512,-17.37,87,100,16.24,overcast clouds
624,Ranong,TH,9.9658,98.6348,74.71,88,23,3.74,few clouds
625,Bend,US,44.0582,-121.3153,42.8,39,1,13.8,clear sky
626,Les Cayes,HT,18.2,-73.75,81.77,63,0,11.3,clear sky
627,Shingu,JP,33.7333,135.9833,41.38,80,0,6.08,clear sky
628,Almaznyy,RU,48.0448,40.045,15.8,67,0,4.47,clear sky
629,Phan Thiet,VN,10.9333,108.1,71.62,87,24,8.88,few clouds
630,Eureka,US,40.8021,-124.1637,50.0,79,0,8.99,clear sky
631,Zarechnyy,RU,53.2036,45.1923,-3.96,91,100,10.49,overcast clouds
632,Manavgat,TR,36.7867,31.4431,60.01,100,99,4.61,overcast clouds
633,Carballo,ES,43.213,-8.691,50.0,94,100,3.0,light rain
634,Sibolga,ID,1.7427,98.7792,76.93,80,100,4.05,overcast clouds
635,Tual,ID,-5.6667,132.75,83.14,80,100,16.87,overcast clouds
636,Sinnai,IT,39.3042,9.2036,57.0,94,0,9.22,clear sky
637,Abu Samrah,SY,35.3029,37.1841,53.28,82,2,7.96,clear sky
638,Shache,CN,38.4167,77.2406,32.59,79,9,3.04,clear sky
639,Jackson,US,42.4165,-122.8345,33.8,86,90,1.43,mist
640,Lapeer,US,43.0514,-83.3188,10.99,52,1,13.8,clear sky
641,Garoua,CM,9.3,13.4,84.2,16,0,5.75,clear sky
642,Orbetello,IT,42.4408,11.2196,50.0,100,90,26.46,fog
643,Svetlyy,RU,54.675,20.1347,6.8,78,0,8.95,clear sky
644,Labuhan,ID,-6.8844,112.2051,78.66,85,100,9.75,overcast clouds
645,Nabire,ID,-3.3667,135.4833,75.72,84,93,4.07,overcast clouds
646,Shuiji,CN,27.4214,118.345,59.18,80,0,2.3,clear sky
647,Vargashi,RU,55.3556,65.8467,1.98,91,78,13.6,broken clouds
648,Sinjar,IQ,36.3209,41.8754,51.75,55,0,1.3,clear sky
649,Gananoque,CA,44.3334,-76.1661,32.0,1,100,13.78,light snow
650,Coquimbo,CL,-29.9533,-71.3436,69.8,56,0,11.5,clear sky
651,Barkly West,ZA,-28.5354,24.5215,77.0,61,0,6.91,clear sky
652,Gumdag,TM,39.2061,54.5906,50.2,73,100,12.28,overcast clouds
653,Hoi An,VN,15.8794,108.335,73.4,83,75,1.81,broken clouds
654,Naberera,TZ,-4.2,36.9333,66.54,89,100,2.35,light rain
655,Contamana,PE,-7.3333,-75.0167,92.43,50,65,4.0,broken clouds
656,Ziezmariai,LT,54.8,24.45,0.0,78,0,2.3,mist
657,Jiaojiang,CN,28.6803,121.4428,59.0,76,100,5.44,overcast clouds
658,Jishou,CN,28.3167,109.7167,49.3,84,100,5.68,light rain
659,Merauke,ID,-8.4667,140.3333,79.57,86,98,11.5,overcast clouds
660,Puro,PH,12.4841,123.3827,78.21,84,100,16.53,overcast clouds
661,Honiara,SB,-9.4333,159.95,77.85,81,100,3.85,overcast clouds
662,Bonavista,CA,48.6499,-53.1147,34.0,47,0,20.71,clear sky
663,Minab,IR,27.1467,57.0801,66.2,72,20,2.3,few clouds
664,Jieshi,CN,22.8134,115.8257,62.01,85,0,12.26,clear sky
665,Yol,IN,32.1667,76.2,55.02,40,0,4.38,clear sky
666,Richards Bay,ZA,-28.783,32.0377,75.06,92,15,3.13,few clouds
667,Candolim,IN,15.5181,73.7626,78.8,69,0,2.3,haze
668,Tautira,PF,-17.7333,-149.15,82.4,65,75,3.44,light rain
669,Antanifotsy,MG,-19.65,47.3167,61.23,88,100,2.75,overcast clouds
670,Rosetta,EG,31.4044,30.4164,60.8,77,0,5.75,clear sky
671,Khandyga,RU,62.6667,135.6,-34.15,82,72,2.75,broken clouds
672,Tres Arroyos,AR,-38.3739,-60.2798,63.41,69,100,18.3,overcast clouds
673,Watsa,CD,3.0372,29.5355,68.99,32,96,1.01,overcast clouds
674,Mokolo,CM,10.7398,13.8019,72.14,20,12,5.19,few clouds
675,San Carlos,VE,9.6612,-68.5827,95.81,30,58,4.21,broken clouds
676,Jawa,JO,31.8525,35.9393,55.4,88,0,2.48,haze
677,Nauta,PE,-4.5061,-73.5757,84.0,82,100,2.08,heavy intensity rain
678,Minsk,BY,53.9,27.5667,-2.0,92,0,2.24,clear sky
679,Sabinas,MX,27.85,-101.1167,69.15,25,0,10.63,clear sky
680,Wanning,CN,18.8003,110.3967,68.45,90,24,3.83,few clouds
